{
    "report_export_token": 2.8052170276641846,
    "report_get_wallets": 2369.77277469635,
    "report_export_wallet": 143.37044429779053,
    "report_export_lending_pool": 5.146820545196533,
    "report_export_transfer": 151.94565510749817,
    "report_export_deposit": 4.5701940059661865,
    "report_export_withdraw": 3.0649919509887695,
    "report_export_borrow": 3.1340320110321045,
    "report_export_repay": 2.97269344329834,
    "report_export_liquidate": 1.978151798248291,
    "report_aggregate_data": 2859.073136806488
}