{
    "report_export_token": 0.06046485900878906,
    "report_get_wallets": 131.23694372177124,
    "report_export_wallet": 125.87470960617065,
    "report_export_lending_pool": 0.37841272354125977,
    "report_export_transfer": 193.84192180633545,
    "report_export_deposit": 1.1744866371154785,
    "report_export_withdraw": 0.19462370872497559,
    "report_export_borrow": 0.2942821979522705,
    "report_export_repay": 0.35543107986450195,
    "report_export_liquidate": 0.04600095748901367,
    "report_aggregate_data": 650.1850664615631
}