{
    "10000000_10001999": {
        "report_export_token": 0.002942800521850586,
        "report_get_wallets": 2.0069429874420166,
        "report_export_wallet": 2.4389333724975586,
        "report_export_lending_pool": 0.006563663482666016,
        "report_export_transfer": 3.077928066253662,
        "report_export_deposit": 0.020467758178710938,
        "report_export_withdraw": 0.006181001663208008,
        "report_export_borrow": 0.007656574249267578,
        "report_export_repay": 0.005713224411010742,
        "report_export_liquidate": 0.003129243850708008,
        "report_aggregate_data": 10.95675802230835
    },
    "10002000_10003999": {
        "report_export_token": 0.0032541751861572266,
        "report_get_wallets": 1.8348004817962646,
        "report_export_wallet": 2.141819477081299,
        "report_export_lending_pool": 0.0370182991027832,
        "report_export_transfer": 2.620161294937134,
        "report_export_deposit": 0.012485980987548828,
        "report_export_withdraw": 0.0046939849853515625,
        "report_export_borrow": 0.00650787353515625,
        "report_export_repay": 0.004472255706787109,
        "report_export_liquidate": 0.0020599365234375,
        "report_aggregate_data": 9.635300874710083
    },
    "10004000_10005999": {
        "report_export_token": 0.002753019332885742,
        "report_get_wallets": 1.8660380840301514,
        "report_export_wallet": 1.8698999881744385,
        "report_export_lending_pool": 0.005115985870361328,
        "report_export_transfer": 2.723965644836426,
        "report_export_deposit": 0.0215146541595459,
        "report_export_withdraw": 0.004618167877197266,
        "report_export_borrow": 0.007315158843994141,
        "report_export_repay": 0.005359172821044922,
        "report_export_liquidate": 0.0018939971923828125,
        "report_aggregate_data": 9.118610620498657
    },
    "10006000_10007999": {
        "report_export_token": 0.0028166770935058594,
        "report_get_wallets": 1.826113224029541,
        "report_export_wallet": 1.9400835037231445,
        "report_export_lending_pool": 0.03623032569885254,
        "report_export_transfer": 2.2821667194366455,
        "report_export_deposit": 0.013202667236328125,
        "report_export_withdraw": 0.010563373565673828,
        "report_export_borrow": 0.009913444519042969,
        "report_export_repay": 0.007046937942504883,
        "report_export_liquidate": 0.0019197463989257812,
        "report_aggregate_data": 8.933018207550049
    },
    "10008000_10009999": {
        "report_export_token": 0.0029993057250976562,
        "report_get_wallets": 2.118056535720825,
        "report_export_wallet": 1.8056001663208008,
        "report_export_lending_pool": 0.005315303802490234,
        "report_export_transfer": 2.5496809482574463,
        "report_export_deposit": 0.011654853820800781,
        "report_export_withdraw": 0.005258083343505859,
        "report_export_borrow": 0.008156061172485352,
        "report_export_repay": 0.006003141403198242,
        "report_export_liquidate": 0.002081632614135742,
        "report_aggregate_data": 9.63935136795044
    },
    "10010000_10011999": {
        "report_export_token": 0.002823352813720703,
        "report_get_wallets": 2.0052013397216797,
        "report_export_wallet": 2.0999629497528076,
        "report_export_lending_pool": 0.05724477767944336,
        "report_export_transfer": 2.3863115310668945,
        "report_export_deposit": 0.010540962219238281,
        "report_export_withdraw": 0.0044553279876708984,
        "report_export_borrow": 0.005898714065551758,
        "report_export_repay": 0.006038188934326172,
        "report_export_liquidate": 0.002002716064453125,
        "report_aggregate_data": 9.127777099609375
    },
    "10012000_10013999": {
        "report_export_token": 0.0027201175689697266,
        "report_get_wallets": 1.9379520416259766,
        "report_export_wallet": 1.8752508163452148,
        "report_export_lending_pool": 0.004856109619140625,
        "report_export_transfer": 2.5498764514923096,
        "report_export_deposit": 0.026273727416992188,
        "report_export_withdraw": 0.005180835723876953,
        "report_export_borrow": 0.0066204071044921875,
        "report_export_repay": 0.005318641662597656,
        "report_export_liquidate": 0.0020422935485839844,
        "report_aggregate_data": 8.873731851577759
    },
    "10014000_10015999": {
        "report_export_token": 0.003046274185180664,
        "report_get_wallets": 1.8970248699188232,
        "report_export_wallet": 2.4137513637542725,
        "report_export_lending_pool": 0.0368647575378418,
        "report_export_transfer": 2.8527584075927734,
        "report_export_deposit": 0.016667842864990234,
        "report_export_withdraw": 0.005631208419799805,
        "report_export_borrow": 0.007786273956298828,
        "report_export_repay": 0.005283355712890625,
        "report_export_liquidate": 0.0020759105682373047,
        "report_aggregate_data": 10.487860202789307
    },
    "10016000_10017999": {
        "report_export_token": 0.0028312206268310547,
        "report_get_wallets": 2.3351433277130127,
        "report_export_wallet": 2.265439748764038,
        "report_export_lending_pool": 0.005556821823120117,
        "report_export_transfer": 3.1245179176330566,
        "report_export_deposit": 0.02470684051513672,
        "report_export_withdraw": 0.0049779415130615234,
        "report_export_borrow": 0.008627891540527344,
        "report_export_repay": 0.005634307861328125,
        "report_export_liquidate": 0.0028619766235351562,
        "report_aggregate_data": 11.056856870651245
    },
    "10018000_10019999": {
        "report_export_token": 0.0027418136596679688,
        "report_get_wallets": 1.918851613998413,
        "report_export_wallet": 2.4512810707092285,
        "report_export_lending_pool": 0.035935401916503906,
        "report_export_transfer": 2.917856454849243,
        "report_export_deposit": 0.015001773834228516,
        "report_export_withdraw": 0.006900310516357422,
        "report_export_borrow": 0.011160135269165039,
        "report_export_repay": 0.009914636611938477,
        "report_export_liquidate": 0.003569364547729492,
        "report_aggregate_data": 10.959033250808716
    },
    "10020000_10021999": {
        "report_export_token": 0.0030121803283691406,
        "report_get_wallets": 1.9830286502838135,
        "report_export_wallet": 2.8444414138793945,
        "report_export_lending_pool": 0.005061149597167969,
        "report_export_transfer": 3.23578143119812,
        "report_export_deposit": 0.02480769157409668,
        "report_export_withdraw": 0.004968881607055664,
        "report_export_borrow": 0.009385347366333008,
        "report_export_repay": 0.005710601806640625,
        "report_export_liquidate": 0.0019495487213134766,
        "report_aggregate_data": 11.44285273551941
    },
    "10022000_10023999": {
        "report_export_token": 0.002828359603881836,
        "report_get_wallets": 2.4891982078552246,
        "report_export_wallet": 2.5637707710266113,
        "report_export_lending_pool": 0.005169391632080078,
        "report_export_transfer": 3.092745780944824,
        "report_export_deposit": 0.013058900833129883,
        "report_export_withdraw": 0.005216836929321289,
        "report_export_borrow": 0.0076062679290771484,
        "report_export_repay": 0.011130571365356445,
        "report_export_liquidate": 0.002166748046875,
        "report_aggregate_data": 11.51571011543274
    },
    "10024000_10025999": {
        "report_export_token": 0.0029354095458984375,
        "report_get_wallets": 2.2375354766845703,
        "report_export_wallet": 3.0761773586273193,
        "report_export_lending_pool": 0.059953927993774414,
        "report_export_transfer": 3.755188226699829,
        "report_export_deposit": 0.013503313064575195,
        "report_export_withdraw": 0.004998445510864258,