{
    "10000000_10000999": {
        "report_export_token": 0.002900838851928711,
        "report_get_wallets": 0.9280705451965332,
        "report_export_wallet": 1.376131534576416,
        "report_export_lending_pool": 0.00394892692565918,
        "report_export_transfer": 1.5598433017730713,
        "report_export_deposit": 0.019152402877807617,
        "report_export_withdraw": 0.004324674606323242,
        "report_export_borrow": 0.004511594772338867,
        "report_export_repay": 0.007406711578369141,
        "report_export_liquidate": 0.0019528865814208984
    },
    "10001000_10001999": {
        "report_export_token": 0.0036110877990722656,
        "report_get_wallets": 0.6885652542114258,
        "report_export_wallet": 1.1038832664489746,
        "report_export_lending_pool": 0.038018226623535156,
        "report_export_transfer": 1.3502814769744873,
        "report_export_deposit": 0.007681369781494141,
        "report_export_withdraw": 0.004480600357055664,
        "report_export_borrow": 0.005051136016845703,
        "report_export_repay": 0.004299640655517578,
        "report_export_liquidate": 0.0026557445526123047
    },
    "10002000_10002999": {
        "report_export_token": 0.0027179718017578125,
        "report_get_wallets": 0.6410160064697266,
        "report_export_wallet": 1.0321543216705322,
        "report_export_lending_pool": 0.006134510040283203,
        "report_export_transfer": 1.3320519924163818,
        "report_export_deposit": 0.008191347122192383,
        "report_export_withdraw": 0.004239797592163086,
        "report_export_borrow": 0.005946159362792969,
        "report_export_repay": 0.0036551952362060547,
        "report_export_liquidate": 0.001947164535522461
    },
    "10003000_10003999": {
        "report_export_token": 0.002825498580932617,
        "report_get_wallets": 0.8200094699859619,
        "report_export_wallet": 1.115224838256836,
        "report_export_lending_pool": 0.005929470062255859,
        "report_export_transfer": 1.3846454620361328,
        "report_export_deposit": 0.008129119873046875,
        "report_export_withdraw": 0.004167079925537109,
        "report_export_borrow": 0.00552821159362793,
        "report_export_repay": 0.004252910614013672,
        "report_export_liquidate": 0.002229928970336914
    },
    "10004000_10004999": {
        "report_export_token": 0.0027577877044677734,
        "report_get_wallets": 0.6445894241333008,
        "report_export_wallet": 1.1817398071289062,
        "report_export_lending_pool": 0.015970230102539062,
        "report_export_transfer": 1.4554517269134521,
        "report_export_deposit": 0.04396867752075195,
        "report_export_withdraw": 0.009232282638549805,
        "report_export_borrow": 0.006398200988769531,
        "report_export_repay": 0.005235195159912109,
        "report_export_liquidate": 0.0021953582763671875
    },
    "10005000_10005999": {
        "report_export_token": 0.002724170684814453,
        "report_get_wallets": 0.6648497581481934,
        "report_export_wallet": 0.9013822078704834,
        "report_export_lending_pool": 0.004413604736328125,
        "report_export_transfer": 1.074516773223877,
        "report_export_deposit": 0.008223533630371094,
        "report_export_withdraw": 0.003972053527832031,
        "report_export_borrow": 0.005983829498291016,
        "report_export_repay": 0.005925416946411133,
        "report_export_liquidate": 0.002142190933227539
    },
    "10006000_10006999": {
        "report_export_token": 0.0028994083404541016,
        "report_get_wallets": 0.6585054397583008,
        "report_export_wallet": 1.022369384765625,
        "report_export_lending_pool": 0.004498958587646484,
        "report_export_transfer": 1.2336184978485107,
        "report_export_deposit": 0.010229110717773438,
        "report_export_withdraw": 0.00408172607421875,
        "report_export_borrow": 0.006116628646850586,
        "report_export_repay": 0.004773378372192383,
        "report_export_liquidate": 0.0021560192108154297
    },
    "10007000_10007999": {
        "report_export_token": 0.0028989315032958984,
        "report_get_wallets": 0.6007041931152344,
        "report_export_wallet": 0.968956708908081,
        "report_export_lending_pool": 0.004332542419433594,
        "report_export_transfer": 1.0779516696929932,
        "report_export_deposit": 0.018821001052856445,
        "report_export_withdraw": 0.004561185836791992,
        "report_export_borrow": 0.004429817199707031,
        "report_export_repay": 0.004850625991821289,
        "report_export_liquidate": 0.0018954277038574219
    },
    "10008000_10008999": {
        "report_export_token": 0.0027332305908203125,
        "report_get_wallets": 0.5933539867401123,
        "report_export_wallet": 0.921673059463501,
        "report_export_lending_pool": 0.0035343170166015625,
        "report_export_transfer": 1.111635446548462,
        "report_export_deposit": 0.038306474685668945,
        "report_export_withdraw": 0.0042345523834228516,
        "report_export_borrow": 0.0051250457763671875,
        "report_export_repay": 0.003968238830566406,
        "report_export_liquidate": 0.001817941665649414
    },
    "10009000_10009999": {
        "report_export_token": 0.002911806106567383,
        "report_get_wallets": 0.6036627292633057,
        "report_export_wallet": 0.9593729972839355,
        "report_export_lending_pool": 0.004014492034912109,
        "report_export_transfer": 1.1476984024047852,
        "report_export_deposit": 0.007596015930175781,
        "report_export_withdraw": 0.0040569305419921875,
        "report_export_borrow": 0.005793333053588867,
        "report_export_repay": 0.0066280364990234375,
        "report_export_liquidate": 0.0021920204162597656
    },
    "10010000_10010999": {
        "report_export_token": 0.0028905868530273438,
        "report_get_wallets": 0.6244349479675293,
        "report_export_wallet": 1.0484402179718018,
        "report_export_lending_pool": 0.005239009857177734,
        "report_export_transfer": 1.2318952083587646,
        "report_export_deposit": 0.0077817440032958984,
        "report_export_withdraw": 0.003968238830566406,
        "report_export_borrow": 0.004416227340698242,
        "report_export_repay": 0.005221366882324219,
        "report_export_liquidate": 0.0020475387573242188
    },
    "10011000_10011999": {
        "report_export_token": 0.002985715866088867,
        "report_get_wallets": 0.6547367572784424,
        "report_export_wallet": 1.1333298683166504,
        "report_export_lending_pool": 0.004940509796142578,
        "report_export_transfer": 1.3397600650787354,
        "report_export_deposit": 0.020555973052978516,
        "report_export_withdraw": 0.004369497299194336,
        "report_export_borrow": 0.0049626827239990234,
        "report_export_repay": 0.005677223205566406,
        "report_export_liquidate": 0.0029349327087402344
    },
    "10012000_10012999": {
        "report_export_token": 0.002794027328491211,
        "report_get_wallets": 0.6238055229187012,
        "report_export_wallet": 1.0029609203338623,
        "report_export_lending_pool": 0.004132986068725586,
        "report_export_transfer": 1.2378268241882324,
        "report_export_deposit": 0.03954601287841797,
        "report_export_withdraw": 0.004560947418212891,
        "report_export_borrow": 0.0048007965087890625,
        "report_export_repay": 0.0044558048248291016,
        "report_export_liquidate": 0.0019538402557373047
    },
    "10013000_10013999": {
        "report_export_token": 0.0030069351196289062,
        "report_get_wallets": 0.7555232048034668,
        "report_export_wallet": 0.9459381103515625,
        "report_export_lending_pool": 0.004410505294799805,
        "report_export_transfer": 1.069533109664917,
        "report_export_deposit": 0.008094549179077148,
        "report_export_withdraw": 0.004484653472900391,
        "report_export_borrow": 0.006317853927612305,