{
    "report_export_token": 0.5891857147216797,
    "report_get_wallets": 601.2588999271393,
    "report_export_wallet": 133.99017214775085,
    "report_export_lending_pool": 1.2621943950653076,
    "report_export_transfer": 162.87549209594727,
    "report_export_deposit": 2.189474105834961,
    "report_export_withdraw": 1.0239591598510742,
    "report_export_borrow": 0.8656408786773682,
    "report_export_repay": 0.7374832630157471,
    "report_export_liquidate": 0.40778183937072754,
    "report_aggregate_data": 1080.1569242477417
}