{
    "10000000_10001999": {
        "report_export_token": 0.0028002262115478516,
        "report_get_wallets": 1.3755788803100586,
        "report_export_wallet": 2.4164836406707764,
        "report_export_lending_pool": 0.003920793533325195,
        "report_export_transfer": 3.206082344055176,
        "report_export_deposit": 0.009441614151000977,
        "report_export_withdraw": 0.0045511722564697266,
        "report_export_borrow": 0.005787372589111328,
        "report_export_repay": 0.004292011260986328,
        "report_export_liquidate": 0.002097606658935547
    },
    "10002000_10003999": {
        "report_export_token": 0.0030045509338378906,
        "report_get_wallets": 1.2586297988891602,
        "report_export_wallet": 2.189331293106079,
        "report_export_lending_pool": 0.02148127555847168,
        "report_export_transfer": 2.8496592044830322,
        "report_export_deposit": 0.04568076133728027,
        "report_export_withdraw": 0.005280733108520508,
        "report_export_borrow": 0.006926536560058594,
        "report_export_repay": 0.004403114318847656,
        "report_export_liquidate": 0.0020210742950439453
    },
    "10004000_10005999": {
        "report_export_token": 0.0027823448181152344,
        "report_get_wallets": 1.146014928817749,
        "report_export_wallet": 1.7824668884277344,
        "report_export_lending_pool": 0.004590749740600586,
        "report_export_transfer": 2.373288154602051,
        "report_export_deposit": 0.010961294174194336,
        "report_export_withdraw": 0.004648685455322266,
        "report_export_borrow": 0.007155895233154297,
        "report_export_repay": 0.005205869674682617,
        "report_export_liquidate": 0.0020232200622558594
    },
    "10006000_10007999": {
        "report_export_token": 0.0029478073120117188,
        "report_get_wallets": 1.4060311317443848,
        "report_export_wallet": 1.9811174869537354,
        "report_export_lending_pool": 0.015798568725585938,
        "report_export_transfer": 2.460721731185913,
        "report_export_deposit": 0.04542803764343262,
        "report_export_withdraw": 0.00542759895324707,
        "report_export_borrow": 0.007608890533447266,
        "report_export_repay": 0.005627632141113281,
        "report_export_liquidate": 0.0019719600677490234
    },
    "10008000_10009999": {
        "report_export_token": 0.0032117366790771484,
        "report_get_wallets": 1.1111574172973633,
        "report_export_wallet": 1.8299953937530518,
        "report_export_lending_pool": 0.005028486251831055,
        "report_export_transfer": 2.3117923736572266,
        "report_export_deposit": 0.011719226837158203,
        "report_export_withdraw": 0.005167484283447266,
        "report_export_borrow": 0.008761882781982422,
        "report_export_repay": 0.006544351577758789,
        "report_export_liquidate": 0.002256155014038086
    },
    "10010000_10011999": {
        "report_export_token": 0.002904176712036133,
        "report_get_wallets": 1.1903197765350342,
        "report_export_wallet": 2.1735877990722656,
        "report_export_lending_pool": 0.017084360122680664,
        "report_export_transfer": 2.696592092514038,
        "report_export_deposit": 0.043524980545043945,
        "report_export_withdraw": 0.0050389766693115234,
        "report_export_borrow": 0.006221294403076172,
        "report_export_repay": 0.0063664913177490234,
        "report_export_liquidate": 0.00201416015625
    },
    "10012000_10013999": {
        "report_export_token": 0.002695798873901367,
        "report_get_wallets": 1.1568806171417236,
        "report_export_wallet": 1.9587161540985107,
        "report_export_lending_pool": 0.004862546920776367,
        "report_export_transfer": 2.32633113861084,
        "report_export_deposit": 0.014146804809570312,
        "report_export_withdraw": 0.006948947906494141,
        "report_export_borrow": 0.007098197937011719,
        "report_export_repay": 0.008772611618041992,
        "report_export_liquidate": 0.002183198928833008
    },
    "10014000_10015999": {
        "report_export_token": 0.0031881332397460938,
        "report_get_wallets": 1.6422746181488037,
        "report_export_wallet": 2.4205777645111084,
        "report_export_lending_pool": 0.019371986389160156,
        "report_export_transfer": 3.0563483238220215,
        "report_export_deposit": 0.03898453712463379,
        "report_export_withdraw": 0.006836652755737305,
        "report_export_borrow": 0.010013580322265625,
        "report_export_repay": 0.006726503372192383,
        "report_export_liquidate": 0.0019693374633789062
    },
    "10016000_10017999": {
        "report_export_token": 0.002809762954711914,
        "report_get_wallets": 1.4014947414398193,
        "report_export_wallet": 2.3402469158172607,
        "report_export_lending_pool": 0.0070476531982421875,
        "report_export_transfer": 2.827709436416626,
        "report_export_deposit": 0.013120174407958984,
        "report_export_withdraw": 0.005650043487548828,
        "report_export_borrow": 0.008767843246459961,
        "report_export_repay": 0.00713658332824707,
        "report_export_liquidate": 0.002301454544067383
    },
    "10018000_10019999": {
        "report_export_token": 0.0031404495239257812,
        "report_get_wallets": 1.469526767730713,
        "report_export_wallet": 2.7177915573120117,
        "report_export_lending_pool": 0.0045473575592041016,
        "report_export_transfer": 3.398655652999878,
        "report_export_deposit": 0.05022692680358887,
        "report_export_withdraw": 0.0063898563385009766,
        "report_export_borrow": 0.008929729461669922,
        "report_export_repay": 0.007363319396972656,
        "report_export_liquidate": 0.0020787715911865234
    },
    "10020000_10021999": {
        "report_export_token": 0.0030794143676757812,
        "report_get_wallets": 1.7185416221618652,
        "report_export_wallet": 2.32336163520813,
        "report_export_lending_pool": 0.005438089370727539,
        "report_export_transfer": 2.941497564315796,
        "report_export_deposit": 0.01329350471496582,
        "report_export_withdraw": 0.006188869476318359,
        "report_export_borrow": 0.009366750717163086,
        "report_export_repay": 0.007576942443847656,
        "report_export_liquidate": 0.0032377243041992188
    },
    "10022000_10023999": {
        "report_export_token": 0.0028340816497802734,
        "report_get_wallets": 1.8379080295562744,
        "report_export_wallet": 2.7674803733825684,
        "report_export_lending_pool": 0.017289161682128906,
        "report_export_transfer": 3.654268980026245,
        "report_export_deposit": 0.04970836639404297,
        "report_export_withdraw": 0.01119852066040039,
        "report_export_borrow": 0.008211612701416016,
        "report_export_repay": 0.0072324275970458984,
        "report_export_liquidate": 0.0021440982818603516
    },
    "10024000_10025999": {
        "report_export_token": 0.0028450489044189453,
        "report_get_wallets": 1.6053647994995117,
        "report_export_wallet": 2.7934882640838623,
        "report_export_lending_pool": 0.005273103713989258,
        "report_export_transfer": 3.779170513153076,
        "report_export_deposit": 0.02755284309387207,
        "report_export_withdraw": 0.0054798126220703125,
        "report_export_borrow": 0.009114980697631836,
        "report_export_repay": 0.005777835845947266,
        "report_export_liquidate": 0.0019354820251464844
    },
    "10026000_10027999": {
        "report_export_token": 0.0028641223907470703,
        "report_get_wallets": 1.4726004600524902,
        "report_export_wallet": 2.5248706340789795,
        "report_export_lending_pool": 0.03782486915588379,
        "report_export_transfer": 2.872957468032837,
        "report_export_deposit": 0.011023521423339844,
        "report_export_withdraw": 0.004873991012573242,
        "report_export_borrow": 0.005957603454589844,