{
    "report_export_token": 1703.5683932304382,
    "report_get_wallets": 17352.002939224243,
    "report_export_wallet": 2077.240378379822,
    "report_export_lending_pool": 1401.6101722717285,
    "report_export_transfer": 1955.5861172676086,
    "report_export_deposit": 1317.5069735050201,
    "report_export_withdraw": 1537.8510074615479,
    "report_export_borrow": 1389.3160922527313,
    "report_export_repay": 1379.2095749378204,
    "report_export_liquidate": 1284.3065011501312,
    "report_aggregate_data": 684017.7786135674
}