{
    "report_export_token": 617.4853558540344,
    "report_get_wallets": 7833.8868136405945,
    "report_export_wallet": 870.2123670578003,
    "report_export_lending_pool": 575.8413195610046,
    "report_export_transfer": 879.5051076412201,
    "report_export_deposit": 633.7948200702667,
    "report_export_withdraw": 664.241480588913,
    "report_export_borrow": 608.1349971294403,
    "report_export_repay": 621.7492084503174,
    "report_export_liquidate": 569.0912578105927,
    "report_aggregate_data": 152877.7798128128
}