{
    "report_export_token": 80.9535505771637,
    "report_get_wallets": 19398.36565065384,
    "report_export_wallet": 1209.458410024643,
    "report_export_lending_pool": 97.81187224388123,
    "report_export_transfer": 1266.3834059238434,
    "report_export_deposit": 100.10600781440735,
    "report_export_withdraw": 75.34119963645935,
    "report_export_borrow": 75.59013533592224,
    "report_export_repay": 72.29454731941223,
    "report_export_liquidate": 55.64665937423706,
    "report_aggregate_data": 25803.244505167007
}