{
    "10000000_10000999": {
        "report_export_token": 0.0027573108673095703,
        "report_get_wallets": 0.7586495876312256,
        "report_export_wallet": 1.3199775218963623,
        "report_export_lending_pool": 0.036742210388183594,
        "report_export_transfer": 1.4706757068634033,
        "report_export_deposit": 0.006403207778930664,
        "report_export_withdraw": 0.003320932388305664,
        "report_export_borrow": 0.0037822723388671875,
        "report_export_repay": 0.0031769275665283203,
        "report_export_liquidate": 0.0017118453979492188,
        "report_aggregate_data": 5.2836692333221436
    },
    "10001000_10001999": {
        "report_export_token": 0.0030012130737304688,
        "report_get_wallets": 0.6956691741943359,
        "report_export_wallet": 1.163264274597168,
        "report_export_lending_pool": 0.004139900207519531,
        "report_export_transfer": 1.4531025886535645,
        "report_export_deposit": 0.007161378860473633,
        "report_export_withdraw": 0.005546092987060547,
        "report_export_borrow": 0.00495600700378418,
        "report_export_repay": 0.004055976867675781,
        "report_export_liquidate": 0.0021872520446777344,
        "report_aggregate_data": 4.858722686767578
    },
    "10002000_10002999": {
        "report_export_token": 0.002797365188598633,
        "report_get_wallets": 0.9130980968475342,
        "report_export_wallet": 1.1986112594604492,
        "report_export_lending_pool": 0.004449605941772461,
        "report_export_transfer": 1.374145269393921,
        "report_export_deposit": 0.007775545120239258,
        "report_export_withdraw": 0.004451274871826172,
        "report_export_borrow": 0.0055959224700927734,
        "report_export_repay": 0.004425764083862305,
        "report_export_liquidate": 0.0023338794708251953,
        "report_aggregate_data": 4.938101291656494
    },
    "10003000_10003999": {
        "report_export_token": 0.0028009414672851562,
        "report_get_wallets": 0.7502689361572266,
        "report_export_wallet": 1.1786599159240723,
        "report_export_lending_pool": 0.004241943359375,
        "report_export_transfer": 1.4725465774536133,
        "report_export_deposit": 0.04120969772338867,
        "report_export_withdraw": 0.0053021907806396484,
        "report_export_borrow": 0.005738973617553711,
        "report_export_repay": 0.003962993621826172,
        "report_export_liquidate": 0.0019805431365966797,
        "report_aggregate_data": 4.821091890335083
    },
    "10004000_10004999": {
        "report_export_token": 0.0030634403228759766,
        "report_get_wallets": 0.7059371471405029,
        "report_export_wallet": 1.117126703262329,
        "report_export_lending_pool": 0.004837989807128906,
        "report_export_transfer": 1.3328335285186768,
        "report_export_deposit": 0.007889032363891602,
        "report_export_withdraw": 0.0043032169342041016,
        "report_export_borrow": 0.005649089813232422,
        "report_export_repay": 0.004534721374511719,
        "report_export_liquidate": 0.002253293991088867,
        "report_aggregate_data": 4.997560739517212
    },
    "10005000_10005999": {
        "report_export_token": 0.002779245376586914,
        "report_get_wallets": 0.6389131546020508,
        "report_export_wallet": 0.9892323017120361,
        "report_export_lending_pool": 0.004372358322143555,
        "report_export_transfer": 1.1693413257598877,
        "report_export_deposit": 0.006971120834350586,
        "report_export_withdraw": 0.003562450408935547,
        "report_export_borrow": 0.00471949577331543,
        "report_export_repay": 0.004500627517700195,
        "report_export_liquidate": 0.0019190311431884766,
        "report_aggregate_data": 3.9696273803710938
    },
    "10006000_10006999": {
        "report_export_token": 0.0028634071350097656,
        "report_get_wallets": 0.6993567943572998,
        "report_export_wallet": 1.1076464653015137,
        "report_export_lending_pool": 0.004565000534057617,
        "report_export_transfer": 1.2442574501037598,
        "report_export_deposit": 0.024307966232299805,
        "report_export_withdraw": 0.004571676254272461,
        "report_export_borrow": 0.006370067596435547,
        "report_export_repay": 0.00596928596496582,
        "report_export_liquidate": 0.002135038375854492,
        "report_aggregate_data": 4.413137674331665
    },
    "10007000_10007999": {
        "report_export_token": 0.0028972625732421875,
        "report_get_wallets": 0.654996395111084,
        "report_export_wallet": 0.9308352470397949,
        "report_export_lending_pool": 0.004227876663208008,
        "report_export_transfer": 1.1351754665374756,
        "report_export_deposit": 0.04238557815551758,
        "report_export_withdraw": 0.0051364898681640625,
        "report_export_borrow": 0.004334449768066406,
        "report_export_repay": 0.0048983097076416016,
        "report_export_liquidate": 0.0018172264099121094,
        "report_aggregate_data": 4.193084716796875
    },
    "10008000_10008999": {
        "report_export_token": 0.002692699432373047,
        "report_get_wallets": 0.6107685565948486,
        "report_export_wallet": 0.8682048320770264,
        "report_export_lending_pool": 0.0037162303924560547,
        "report_export_transfer": 1.0328149795532227,
        "report_export_deposit": 0.007966995239257812,
        "report_export_withdraw": 0.00408482551574707,
        "report_export_borrow": 0.00547480583190918,
        "report_export_repay": 0.004259586334228516,
        "report_export_liquidate": 0.0019335746765136719,
        "report_aggregate_data": 3.588287353515625
    },
    "10009000_10009999": {
        "report_export_token": 0.002689361572265625,
        "report_get_wallets": 0.6708598136901855,
        "report_export_wallet": 1.0777418613433838,
        "report_export_lending_pool": 0.00411224365234375,
        "report_export_transfer": 1.2628264427185059,
        "report_export_deposit": 0.007957220077514648,
        "report_export_withdraw": 0.005282402038574219,
        "report_export_borrow": 0.007413625717163086,
        "report_export_repay": 0.005983591079711914,
        "report_export_liquidate": 0.002918720245361328,
        "report_aggregate_data": 4.545956373214722
    },
    "10010000_10010999": {
        "report_export_token": 0.0026841163635253906,
        "report_get_wallets": 0.7129802703857422,
        "report_export_wallet": 1.0821163654327393,
        "report_export_lending_pool": 0.004209756851196289,
        "report_export_transfer": 1.2424707412719727,
        "report_export_deposit": 0.0221712589263916,
        "report_export_withdraw": 0.0036733150482177734,
        "report_export_borrow": 0.004542112350463867,
        "report_export_repay": 0.00546574592590332,
        "report_export_liquidate": 0.0020856857299804688,
        "report_aggregate_data": 4.398108243942261
    },
    "10011000_10011999": {
        "report_export_token": 0.0027816295623779297,
        "report_get_wallets": 0.7069823741912842,
        "report_export_wallet": 1.15744948387146,
        "report_export_lending_pool": 0.004537105560302734,
        "report_export_transfer": 1.3480606079101562,
        "report_export_deposit": 0.03731799125671387,
        "report_export_withdraw": 0.008009195327758789,
        "report_export_borrow": 0.004918336868286133,
        "report_export_repay": 0.004356861114501953,
        "report_export_liquidate": 0.001905202865600586,
        "report_aggregate_data": 4.939413547515869
    },
    "10012000_10012999": {
        "report_export_token": 0.0027344226837158203,
        "report_get_wallets": 0.6882123947143555,
        "report_export_wallet": 1.2040736675262451,
        "report_export_lending_pool": 0.007817506790161133,
        "report_export_transfer": 1.231252670288086,
        "report_export_deposit": 0.007373332977294922,
        "report_export_withdraw": 0.0043239593505859375,