{
    "10000000_10001999": {
        "report_export_token": 0.0030171871185302734,
        "report_get_wallets": 1.4209482669830322,
        "report_export_wallet": 2.5844368934631348,
        "report_export_lending_pool": 0.017082929611206055,
        "report_export_transfer": 3.278573513031006,
        "report_export_deposit": 0.040823936462402344,
        "report_export_withdraw": 0.004966259002685547,
        "report_export_borrow": 0.005957126617431641,
        "report_export_repay": 0.007032155990600586,
        "report_export_liquidate": 0.0021162033081054688,
        "report_aggregate_data": 10.895263195037842
    },
    "10002000_10003999": {
        "report_export_token": 0.0028257369995117188,
        "report_get_wallets": 1.6180479526519775,
        "report_export_wallet": 2.1434483528137207,
        "report_export_lending_pool": 0.004362344741821289,
        "report_export_transfer": 2.6268718242645264,
        "report_export_deposit": 0.012838363647460938,
        "report_export_withdraw": 0.005234479904174805,
        "report_export_borrow": 0.007700920104980469,
        "report_export_repay": 0.004804372787475586,
        "report_export_liquidate": 0.002051830291748047,
        "report_aggregate_data": 9.432790517807007
    },
    "10004000_10005999": {
        "report_export_token": 0.0027008056640625,
        "report_get_wallets": 1.2004945278167725,
        "report_export_wallet": 2.2283191680908203,
        "report_export_lending_pool": 0.016300678253173828,
        "report_export_transfer": 2.5854849815368652,
        "report_export_deposit": 0.04770159721374512,
        "report_export_withdraw": 0.004629611968994141,
        "report_export_borrow": 0.007315397262573242,
        "report_export_repay": 0.00904536247253418,
        "report_export_liquidate": 0.002346038818359375,
        "report_aggregate_data": 8.601598024368286
    },
    "10006000_10007999": {
        "report_export_token": 0.0028095245361328125,
        "report_get_wallets": 1.116884469985962,
        "report_export_wallet": 1.7899971008300781,
        "report_export_lending_pool": 0.0043487548828125,
        "report_export_transfer": 2.3365931510925293,
        "report_export_deposit": 0.014481306076049805,
        "report_export_withdraw": 0.0055370330810546875,
        "report_export_borrow": 0.007053375244140625,
        "report_export_repay": 0.006396770477294922,
        "report_export_liquidate": 0.0018935203552246094,
        "report_aggregate_data": 8.054154396057129
    },
    "10008000_10009999": {
        "report_export_token": 0.0032444000244140625,
        "report_get_wallets": 1.171191930770874,
        "report_export_wallet": 2.1218678951263428,
        "report_export_lending_pool": 0.017472028732299805,
        "report_export_transfer": 2.6173393726348877,
        "report_export_deposit": 0.04884648323059082,
        "report_export_withdraw": 0.006014823913574219,
        "report_export_borrow": 0.008789539337158203,
        "report_export_repay": 0.0059316158294677734,
        "report_export_liquidate": 0.0019905567169189453,
        "report_aggregate_data": 8.750059366226196
    },
    "10010000_10011999": {
        "report_export_token": 0.002714872360229492,
        "report_get_wallets": 1.5720818042755127,
        "report_export_wallet": 1.9644644260406494,
        "report_export_lending_pool": 0.00673985481262207,
        "report_export_transfer": 2.530122756958008,
        "report_export_deposit": 0.012444496154785156,
        "report_export_withdraw": 0.00421142578125,
        "report_export_borrow": 0.0067026615142822266,
        "report_export_repay": 0.0071032047271728516,
        "report_export_liquidate": 0.0021317005157470703,
        "report_aggregate_data": 9.016725778579712
    },
    "10012000_10013999": {
        "report_export_token": 0.002889394760131836,
        "report_get_wallets": 1.180835247039795,
        "report_export_wallet": 2.0973243713378906,
        "report_export_lending_pool": 0.016308307647705078,
        "report_export_transfer": 2.535140037536621,
        "report_export_deposit": 0.048009634017944336,
        "report_export_withdraw": 0.005498409271240234,
        "report_export_borrow": 0.00640559196472168,
        "report_export_repay": 0.0053157806396484375,
        "report_export_liquidate": 0.0018689632415771484,
        "report_aggregate_data": 8.562253475189209
    },
    "10014000_10015999": {
        "report_export_token": 0.0029518604278564453,
        "report_get_wallets": 1.3831732273101807,
        "report_export_wallet": 2.187375783920288,
        "report_export_lending_pool": 0.007136106491088867,
        "report_export_transfer": 2.709968090057373,
        "report_export_deposit": 0.012981176376342773,
        "report_export_withdraw": 0.006692647933959961,
        "report_export_borrow": 0.00821542739868164,
        "report_export_repay": 0.0054972171783447266,
        "report_export_liquidate": 0.0019295215606689453,
        "report_aggregate_data": 11.02474594116211
    },
    "10016000_10017999": {
        "report_export_token": 0.002691984176635742,
        "report_get_wallets": 1.9168078899383545,
        "report_export_wallet": 2.595149517059326,
        "report_export_lending_pool": 0.017580032348632812,
        "report_export_transfer": 3.184903860092163,
        "report_export_deposit": 0.04356527328491211,
        "report_export_withdraw": 0.006939411163330078,
        "report_export_borrow": 0.008579730987548828,
        "report_export_repay": 0.005554914474487305,
        "report_export_liquidate": 0.00220489501953125,
        "report_aggregate_data": 11.137701034545898
    },
    "10018000_10019999": {
        "report_export_token": 0.004492998123168945,
        "report_get_wallets": 1.6902744770050049,
        "report_export_wallet": 2.4755144119262695,
        "report_export_lending_pool": 0.005583524703979492,
        "report_export_transfer": 3.183872699737549,
        "report_export_deposit": 0.013593673706054688,
        "report_export_withdraw": 0.006928443908691406,
        "report_export_borrow": 0.009125471115112305,
        "report_export_repay": 0.00736236572265625,
        "report_export_liquidate": 0.0021190643310546875,
        "report_aggregate_data": 10.524765729904175
    },
    "10020000_10021999": {
        "report_export_token": 0.0027701854705810547,
        "report_get_wallets": 1.4810054302215576,
        "report_export_wallet": 2.5933616161346436,
        "report_export_lending_pool": 0.0242459774017334,
        "report_export_transfer": 3.2353549003601074,
        "report_export_deposit": 0.014104127883911133,
        "report_export_withdraw": 0.01907181739807129,
        "report_export_borrow": 0.045838117599487305,
        "report_export_repay": 0.04196929931640625,
        "report_export_liquidate": 0.0025730133056640625,
        "report_aggregate_data": 11.250140190124512
    },
    "10022000_10023999": {
        "report_export_token": 0.0026264190673828125,
        "report_get_wallets": 1.6161000728607178,
        "report_export_wallet": 2.563533067703247,
        "report_export_lending_pool": 0.0046253204345703125,
        "report_export_transfer": 3.1836376190185547,
        "report_export_deposit": 0.013462543487548828,
        "report_export_withdraw": 0.005379915237426758,
        "report_export_borrow": 0.007685661315917969,
        "report_export_repay": 0.005719184875488281,
        "report_export_liquidate": 0.001909017562866211,
        "report_aggregate_data": 11.063493251800537
    },
    "10024000_10025999": {
        "report_export_token": 0.00289154052734375,
        "report_get_wallets": 1.7259695529937744,
        "report_export_wallet": 3.149062395095825,
        "report_export_lending_pool": 0.00860142707824707,
        "report_export_transfer": 4.208869695663452,
        "report_export_deposit": 0.014469146728515625,
        "report_export_withdraw": 0.0055484771728515625,