{
    "10100000_10104999": {
        "report_export_token": 0.002730131149291992,
        "report_get_wallets": 6.173453330993652,
        "report_export_wallet": 6.600166082382202,
        "report_export_lending_pool": 0.02208089828491211,
        "report_export_transfer": 8.513974905014038,
        "report_export_deposit": 0.016767024993896484,
        "report_export_withdraw": 0.007119178771972656,
        "report_export_borrow": 0.009830236434936523,
        "report_export_repay": 0.008958816528320312,
        "report_export_liquidate": 0.002009868621826172,
        "report_aggregate_data": 31.764627695083618
    },
    "10105000_10109999": {
        "report_export_token": 0.0030579566955566406,
        "report_get_wallets": 6.945272922515869,
        "report_export_wallet": 7.827409982681274,
        "report_export_lending_pool": 0.06260538101196289,
        "report_export_transfer": 19.216535568237305,
        "report_export_deposit": 0.09610319137573242,
        "report_export_withdraw": 0.008875131607055664,
        "report_export_borrow": 0.019978046417236328,
        "report_export_repay": 0.1320030689239502,
        "report_export_liquidate": 0.0026772022247314453,
        "report_aggregate_data": 49.10106182098389
    },
    "10110000_10114999": {
        "report_export_token": 0.003097057342529297,
        "report_get_wallets": 7.474298000335693,
        "report_export_wallet": 9.978565692901611,
        "report_export_lending_pool": 0.019701480865478516,
        "report_export_transfer": 13.660680294036865,
        "report_export_deposit": 0.17038607597351074,
        "report_export_withdraw": 0.040490150451660156,
        "report_export_borrow": 0.014946937561035156,
        "report_export_repay": 0.010969161987304688,
        "report_export_liquidate": 0.002341747283935547,
        "report_aggregate_data": 44.35692048072815
    },
    "10115000_10119999": {
        "report_export_token": 0.0030364990234375,
        "report_get_wallets": 6.978789567947388,
        "report_export_wallet": 4.987900733947754,
        "report_export_lending_pool": 0.005456447601318359,
        "report_export_transfer": 8.258670330047607,
        "report_export_deposit": 0.027838468551635742,
        "report_export_withdraw": 0.008254289627075195,
        "report_export_borrow": 0.022761106491088867,
        "report_export_repay": 0.01155233383178711,
        "report_export_liquidate": 0.002478361129760742,
        "report_aggregate_data": 29.688244581222534
    },
    "10120000_10124999": {
        "report_export_token": 0.002777576446533203,
        "report_get_wallets": 5.3071746826171875,
        "report_export_wallet": 4.2545390129089355,
        "report_export_lending_pool": 0.0052642822265625,
        "report_export_transfer": 7.150563716888428,
        "report_export_deposit": 0.09216928482055664,
        "report_export_withdraw": 0.007658243179321289,
        "report_export_borrow": 0.03688335418701172,
        "report_export_repay": 0.03773951530456543,
        "report_export_liquidate": 0.0022726058959960938,
        "report_aggregate_data": 24.460092306137085
    },
    "10125000_10129999": {
        "report_export_token": 0.0029625892639160156,
        "report_get_wallets": 5.562581777572632,
        "report_export_wallet": 4.717588901519775,
        "report_export_lending_pool": 0.005349636077880859,
        "report_export_transfer": 7.5608298778533936,
        "report_export_deposit": 0.0898137092590332,
        "report_export_withdraw": 0.00706171989440918,
        "report_export_borrow": 0.011659622192382812,
        "report_export_repay": 0.01407480239868164,
        "report_export_liquidate": 0.002151012420654297,
        "report_aggregate_data": 26.79084825515747
    },
    "10130000_10134999": {
        "report_export_token": 0.0029299259185791016,
        "report_get_wallets": 6.238875150680542,
        "report_export_wallet": 6.219546318054199,
        "report_export_lending_pool": 0.02171039581298828,
        "report_export_transfer": 9.511208772659302,
        "report_export_deposit": 0.048134565353393555,
        "report_export_withdraw": 0.005515336990356445,
        "report_export_borrow": 0.008841991424560547,
        "report_export_repay": 0.007067680358886719,
        "report_export_liquidate": 0.0018661022186279297,
        "report_aggregate_data": 32.18602681159973
    },
    "10135000_10139999": {
        "report_export_token": 0.003002643585205078,
        "report_get_wallets": 6.582278728485107,
        "report_export_wallet": 6.433606863021851,
        "report_export_lending_pool": 0.019797325134277344,
        "report_export_transfer": 9.228373527526855,
        "report_export_deposit": 0.05907487869262695,
        "report_export_withdraw": 0.005942821502685547,
        "report_export_borrow": 0.014519929885864258,
        "report_export_repay": 0.007740974426269531,
        "report_export_liquidate": 0.0019292831420898438,
        "report_aggregate_data": 33.933743715286255
    },
    "10140000_10144999": {
        "report_export_token": 0.002932310104370117,
        "report_get_wallets": 7.097695350646973,
        "report_export_wallet": 6.152646780014038,
        "report_export_lending_pool": 0.029657602310180664,
        "report_export_transfer": 8.655841827392578,
        "report_export_deposit": 0.05632328987121582,
        "report_export_withdraw": 0.006371974945068359,
        "report_export_borrow": 0.015118837356567383,
        "report_export_repay": 0.007428169250488281,
        "report_export_liquidate": 0.001951456069946289,
        "report_aggregate_data": 31.99652910232544
    },
    "10145000_10149999": {
        "report_export_token": 0.0030374526977539062,
        "report_get_wallets": 5.22064733505249,
        "report_export_wallet": 4.1595940589904785,
        "report_export_lending_pool": 0.0050585269927978516,
        "report_export_transfer": 5.5668253898620605,
        "report_export_deposit": 0.07517838478088379,
        "report_export_withdraw": 0.0066144466400146484,
        "report_export_borrow": 0.00882577896118164,
        "report_export_repay": 0.008321285247802734,
        "report_export_liquidate": 0.002042055130004883,
        "report_aggregate_data": 21.671467065811157
    },
    "10150000_10154999": {
        "report_export_token": 0.0027990341186523438,
        "report_get_wallets": 5.4024574756622314,
        "report_export_wallet": 4.84020471572876,
        "report_export_lending_pool": 0.0053713321685791016,
        "report_export_transfer": 6.5978944301605225,
        "report_export_deposit": 0.08227729797363281,
        "report_export_withdraw": 0.0076754093170166016,
        "report_export_borrow": 0.011248350143432617,
        "report_export_repay": 0.01566910743713379,
        "report_export_liquidate": 0.0024535655975341797,
        "report_aggregate_data": 24.91956877708435
    },
    "10155000_10159999": {
        "report_export_token": 0.002718687057495117,
        "report_get_wallets": 6.284186601638794,
        "report_export_wallet": 6.092226982116699,
        "report_export_lending_pool": 0.004714488983154297,
        "report_export_transfer": 8.978406190872192,
        "report_export_deposit": 0.053563594818115234,
        "report_export_withdraw": 0.007451534271240234,
        "report_export_borrow": 0.012072086334228516,
        "report_export_repay": 0.008295536041259766,
        "report_export_liquidate": 0.0018329620361328125,
        "report_aggregate_data": 32.665342807769775
    },
    "10160000_10164999": {
        "report_export_token": 0.0027065277099609375,
        "report_get_wallets": 5.89035701751709,
        "report_export_wallet": 5.6247782707214355,
        "report_export_lending_pool": 0.0075225830078125,
        "report_export_transfer": 8.391008853912354,
        "report_export_deposit": 0.07288551330566406,
        "report_export_withdraw": 0.0053157806396484375,
        "report_export_borrow": 0.007774829864501953,