{
    "report_export_token": 0.09515857696533203,
    "report_get_wallets": 23.80237317085266,
    "report_export_wallet": 36.92914080619812,
    "report_export_lending_pool": 0.22693991661071777,
    "report_export_transfer": 43.024598836898804,
    "report_export_deposit": 0.48815298080444336,
    "report_export_withdraw": 0.17270350456237793,
    "report_export_borrow": 0.1754150390625,
    "report_export_repay": 0.15351080894470215,
    "report_export_liquidate": 0.0633993148803711,
    "report_aggregate_data": 149.5779447555542
}