{
    "report_export_token": 0.8490691184997559,
    "report_get_wallets": 25.88500690460205,
    "report_export_wallet": 41.6820330619812,
    "report_export_lending_pool": 1.7244930267333984,
    "report_export_transfer": 46.71391558647156,
    "report_export_deposit": 1.6719160079956055,
    "report_export_withdraw": 0.9991908073425293,
    "report_export_borrow": 1.21641206741333,
    "report_export_repay": 1.0293240547180176,
    "report_export_liquidate": 0.6147816181182861,
    "report_aggregate_data": 166.20930910110474
}