{
    "10000000_10001999": {
        "report_export_token": 0.003171205520629883,
        "report_get_wallets": 1.8467965126037598,
        "report_export_wallet": 2.410025119781494,
        "report_export_lending_pool": 0.004019498825073242,
        "report_export_transfer": 3.232085704803467,
        "report_export_deposit": 0.008868694305419922,
        "report_export_withdraw": 0.004724740982055664,
        "report_export_borrow": 0.005266666412353516,
        "report_export_repay": 0.004652976989746094,
        "report_export_liquidate": 0.0019085407257080078
    },
    "10002000_10003999": {
        "report_export_token": 0.002952098846435547,
        "report_get_wallets": 1.3758511543273926,
        "report_export_wallet": 2.180389642715454,
        "report_export_lending_pool": 0.06087803840637207,
        "report_export_transfer": 2.8272933959960938,
        "report_export_deposit": 0.0135345458984375,
        "report_export_withdraw": 0.0054340362548828125,
        "report_export_borrow": 0.00840902328491211,
        "report_export_repay": 0.005216836929321289,
        "report_export_liquidate": 0.0021402835845947266
    },
    "10004000_10005999": {
        "report_export_token": 0.002751588821411133,
        "report_get_wallets": 1.2586565017700195,
        "report_export_wallet": 1.8777143955230713,
        "report_export_lending_pool": 0.005007028579711914,
        "report_export_transfer": 2.8608341217041016,
        "report_export_deposit": 0.028472185134887695,
        "report_export_withdraw": 0.005983591079711914,
        "report_export_borrow": 0.008830070495605469,
        "report_export_repay": 0.007060050964355469,
        "report_export_liquidate": 0.003566265106201172
    },
    "10006000_10007999": {
        "report_export_token": 0.0028154850006103516,
        "report_get_wallets": 1.175323724746704,
        "report_export_wallet": 1.8899610042572021,
        "report_export_lending_pool": 0.03453397750854492,
        "report_export_transfer": 2.502317190170288,
        "report_export_deposit": 0.014396429061889648,
        "report_export_withdraw": 0.005862712860107422,
        "report_export_borrow": 0.0076770782470703125,
        "report_export_repay": 0.006069660186767578,
        "report_export_liquidate": 0.001973390579223633
    },
    "10008000_10009999": {
        "report_export_token": 0.002952098846435547,
        "report_get_wallets": 1.1991093158721924,
        "report_export_wallet": 2.069567918777466,
        "report_export_lending_pool": 0.004322052001953125,
        "report_export_transfer": 2.5406956672668457,
        "report_export_deposit": 0.012902259826660156,
        "report_export_withdraw": 0.0049707889556884766,
        "report_export_borrow": 0.007899999618530273,
        "report_export_repay": 0.005652666091918945,
        "report_export_liquidate": 0.0019474029541015625
    },
    "10010000_10011999": {
        "report_export_token": 0.002841949462890625,
        "report_get_wallets": 1.5507891178131104,
        "report_export_wallet": 2.154810667037964,
        "report_export_lending_pool": 0.07037520408630371,
        "report_export_transfer": 2.9069204330444336,
        "report_export_deposit": 0.011292219161987305,
        "report_export_withdraw": 0.004576683044433594,
        "report_export_borrow": 0.0065577030181884766,
        "report_export_repay": 0.0067348480224609375,
        "report_export_liquidate": 0.0022428035736083984
    },
    "10012000_10013999": {
        "report_export_token": 0.002726316452026367,
        "report_get_wallets": 1.524524211883545,
        "report_export_wallet": 1.848869800567627,
        "report_export_lending_pool": 0.004639148712158203,
        "report_export_transfer": 2.7535672187805176,
        "report_export_deposit": 0.012091398239135742,
        "report_export_withdraw": 0.005329132080078125,
        "report_export_borrow": 0.006880044937133789,
        "report_export_repay": 0.0054132938385009766,
        "report_export_liquidate": 0.002208709716796875
    },
    "10014000_10015999": {
        "report_export_token": 0.0029184818267822266,
        "report_get_wallets": 1.7346646785736084,
        "report_export_wallet": 2.3284945487976074,
        "report_export_lending_pool": 0.040079593658447266,
        "report_export_transfer": 2.7841897010803223,
        "report_export_deposit": 0.013348102569580078,
        "report_export_withdraw": 0.005907297134399414,
        "report_export_borrow": 0.007864713668823242,
        "report_export_repay": 0.0059473514556884766,
        "report_export_liquidate": 0.0021009445190429688
    },
    "10016000_10017999": {
        "report_export_token": 0.002765655517578125,
        "report_get_wallets": 1.5114936828613281,
        "report_export_wallet": 2.3079655170440674,
        "report_export_lending_pool": 0.004755973815917969,
        "report_export_transfer": 3.3608365058898926,
        "report_export_deposit": 0.026218652725219727,
        "report_export_withdraw": 0.005212306976318359,
        "report_export_borrow": 0.008635759353637695,
        "report_export_repay": 0.005815267562866211,
        "report_export_liquidate": 0.0022423267364501953
    },
    "10018000_10019999": {
        "report_export_token": 0.0030426979064941406,
        "report_get_wallets": 1.6057565212249756,
        "report_export_wallet": 2.628610134124756,
        "report_export_lending_pool": 0.04163479804992676,
        "report_export_transfer": 3.5425639152526855,
        "report_export_deposit": 0.012475967407226562,
        "report_export_withdraw": 0.005159139633178711,
        "report_export_borrow": 0.007329463958740234,
        "report_export_repay": 0.006215333938598633,
        "report_export_liquidate": 0.002054929733276367
    },
    "10020000_10021999": {
        "report_export_token": 0.002832174301147461,
        "report_get_wallets": 1.7717931270599365,
        "report_export_wallet": 2.3206748962402344,
        "report_export_lending_pool": 0.004906177520751953,
        "report_export_transfer": 3.4733688831329346,
        "report_export_deposit": 0.06471514701843262,
        "report_export_withdraw": 0.004767179489135742,
        "report_export_borrow": 0.008865833282470703,
        "report_export_repay": 0.008301734924316406,
        "report_export_liquidate": 0.0021250247955322266
    },
    "10022000_10023999": {
        "report_export_token": 0.0030524730682373047,
        "report_get_wallets": 1.6703758239746094,
        "report_export_wallet": 2.5770981311798096,
        "report_export_lending_pool": 0.005234956741333008,
        "report_export_transfer": 3.2778000831604004,
        "report_export_deposit": 0.014745950698852539,
        "report_export_withdraw": 0.005732059478759766,
        "report_export_borrow": 0.008244514465332031,
        "report_export_repay": 0.006255626678466797,
        "report_export_liquidate": 0.001990079879760742
    },
    "10024000_10025999": {
        "report_export_token": 0.003063678741455078,
        "report_get_wallets": 1.8343088626861572,
        "report_export_wallet": 3.284721851348877,
        "report_export_lending_pool": 0.06500530242919922,
        "report_export_transfer": 4.2050769329071045,
        "report_export_deposit": 0.017104387283325195,
        "report_export_withdraw": 0.005110263824462891,
        "report_export_borrow": 0.008957862854003906,
        "report_export_repay": 0.0067975521087646484,
        "report_export_liquidate": 0.002265453338623047
    },
    "10026000_10027999": {
        "report_export_token": 0.0036773681640625,
        "report_get_wallets": 1.5024890899658203,
        "report_export_wallet": 2.3679778575897217,
        "report_export_lending_pool": 0.00519108772277832,
        "report_export_transfer": 3.3073925971984863,
        "report_export_deposit": 0.0661165714263916,
        "report_export_withdraw": 0.00609135627746582,
        "report_export_borrow": 0.009229421615600586,