{
    "10000000_10000999": {
        "report_export_token": 0.002799510955810547,
        "report_get_wallets": 0.7876532077789307,
        "report_export_wallet": 1.271528720855713,
        "report_export_lending_pool": 0.003832101821899414,
        "report_export_transfer": 1.6635029315948486,
        "report_export_deposit": 0.01677870750427246,
        "report_export_withdraw": 0.003753185272216797,
        "report_export_borrow": 0.0041730403900146484,
        "report_export_repay": 0.003591299057006836,
        "report_export_liquidate": 0.0019669532775878906
    },
    "10001000_10001999": {
        "report_export_token": 0.002634286880493164,
        "report_get_wallets": 0.6973857879638672,
        "report_export_wallet": 1.1633327007293701,
        "report_export_lending_pool": 0.004021406173706055,
        "report_export_transfer": 1.4940571784973145,
        "report_export_deposit": 0.03933835029602051,
        "report_export_withdraw": 0.0043370723724365234,
        "report_export_borrow": 0.0043141841888427734,
        "report_export_repay": 0.0036704540252685547,
        "report_export_liquidate": 0.001909017562866211
    },
    "10002000_10002999": {
        "report_export_token": 0.002825498580932617,
        "report_get_wallets": 0.8745260238647461,
        "report_export_wallet": 1.0461935997009277,
        "report_export_lending_pool": 0.0042858123779296875,
        "report_export_transfer": 1.2341876029968262,
        "report_export_deposit": 0.0077364444732666016,
        "report_export_withdraw": 0.004242897033691406,
        "report_export_borrow": 0.00555419921875,
        "report_export_repay": 0.003901243209838867,
        "report_export_liquidate": 0.0020568370819091797
    },
    "10003000_10003999": {
        "report_export_token": 0.002820253372192383,
        "report_get_wallets": 0.6708409786224365,
        "report_export_wallet": 1.2567601203918457,
        "report_export_lending_pool": 0.00455474853515625,
        "report_export_transfer": 1.3368823528289795,
        "report_export_deposit": 0.009046077728271484,
        "report_export_withdraw": 0.004387378692626953,
        "report_export_borrow": 0.005728960037231445,
        "report_export_repay": 0.004420757293701172,
        "report_export_liquidate": 0.0021746158599853516
    },
    "10004000_10004999": {
        "report_export_token": 0.0030663013458251953,
        "report_get_wallets": 0.7083587646484375,
        "report_export_wallet": 1.1135878562927246,
        "report_export_lending_pool": 0.004506111145019531,
        "report_export_transfer": 1.4077072143554688,
        "report_export_deposit": 0.019765615463256836,
        "report_export_withdraw": 0.004498481750488281,
        "report_export_borrow": 0.005780935287475586,
        "report_export_repay": 0.004730701446533203,
        "report_export_liquidate": 0.0019249916076660156
    },
    "10005000_10005999": {
        "report_export_token": 0.002753019332885742,
        "report_get_wallets": 0.6045498847961426,
        "report_export_wallet": 1.0042283535003662,
        "report_export_lending_pool": 0.005051612854003906,
        "report_export_transfer": 1.2509303092956543,
        "report_export_deposit": 0.007345914840698242,
        "report_export_withdraw": 0.006090879440307617,
        "report_export_borrow": 0.010890960693359375,
        "report_export_repay": 0.008051633834838867,
        "report_export_liquidate": 0.0023772716522216797
    },
    "10006000_10006999": {
        "report_export_token": 0.0028345584869384766,
        "report_get_wallets": 0.7444972991943359,
        "report_export_wallet": 1.080488920211792,
        "report_export_lending_pool": 0.004333019256591797,
        "report_export_transfer": 1.1973786354064941,
        "report_export_deposit": 0.010051250457763672,
        "report_export_withdraw": 0.004473686218261719,
        "report_export_borrow": 0.0071544647216796875,
        "report_export_repay": 0.005167961120605469,
        "report_export_liquidate": 0.0018966197967529297
    },
    "10007000_10007999": {
        "report_export_token": 0.002991199493408203,
        "report_get_wallets": 0.6301946640014648,
        "report_export_wallet": 1.018430471420288,
        "report_export_lending_pool": 0.005275249481201172,
        "report_export_transfer": 1.1335020065307617,
        "report_export_deposit": 0.007631063461303711,
        "report_export_withdraw": 0.004633903503417969,
        "report_export_borrow": 0.004421710968017578,
        "report_export_repay": 0.005125999450683594,
        "report_export_liquidate": 0.0020189285278320312
    },
    "10008000_10008999": {
        "report_export_token": 0.002899169921875,
        "report_get_wallets": 0.6678533554077148,
        "report_export_wallet": 1.0093646049499512,
        "report_export_lending_pool": 0.004247426986694336,
        "report_export_transfer": 1.195160150527954,
        "report_export_deposit": 0.02167344093322754,
        "report_export_withdraw": 0.004490852355957031,
        "report_export_borrow": 0.006524562835693359,
        "report_export_repay": 0.004742622375488281,
        "report_export_liquidate": 0.0023572444915771484
    },
    "10009000_10009999": {
        "report_export_token": 0.0030460357666015625,
        "report_get_wallets": 0.8561139106750488,
        "report_export_wallet": 1.0567114353179932,
        "report_export_lending_pool": 0.003941535949707031,
        "report_export_transfer": 1.3288211822509766,
        "report_export_deposit": 0.044782161712646484,
        "report_export_withdraw": 0.004749774932861328,
        "report_export_borrow": 0.007128477096557617,
        "report_export_repay": 0.005441904067993164,
        "report_export_liquidate": 0.002158641815185547
    },
    "10010000_10010999": {
        "report_export_token": 0.002795696258544922,
        "report_get_wallets": 0.630373477935791,
        "report_export_wallet": 0.9987282752990723,
        "report_export_lending_pool": 0.004587411880493164,
        "report_export_transfer": 1.143986701965332,
        "report_export_deposit": 0.007836103439331055,
        "report_export_withdraw": 0.003765583038330078,
        "report_export_borrow": 0.004691123962402344,
        "report_export_repay": 0.004943370819091797,
        "report_export_liquidate": 0.0019736289978027344
    },
    "10011000_10011999": {
        "report_export_token": 0.0028069019317626953,
        "report_get_wallets": 0.6827404499053955,
        "report_export_wallet": 1.1243879795074463,
        "report_export_lending_pool": 0.004251718521118164,
        "report_export_transfer": 1.4371249675750732,
        "report_export_deposit": 0.008227825164794922,
        "report_export_withdraw": 0.004149913787841797,
        "report_export_borrow": 0.0052947998046875,
        "report_export_repay": 0.005055904388427734,
        "report_export_liquidate": 0.0020203590393066406
    },
    "10012000_10012999": {
        "report_export_token": 0.0029115676879882812,
        "report_get_wallets": 0.7063801288604736,
        "report_export_wallet": 1.1020839214324951,
        "report_export_lending_pool": 0.004561185836791992,
        "report_export_transfer": 1.2474284172058105,
        "report_export_deposit": 0.019338130950927734,
        "report_export_withdraw": 0.004194021224975586,
        "report_export_borrow": 0.004702091217041016,
        "report_export_repay": 0.004585742950439453,
        "report_export_liquidate": 0.001935720443725586
    },
    "10013000_10013999": {
        "report_export_token": 0.0030651092529296875,
        "report_get_wallets": 0.650679349899292,
        "report_export_wallet": 1.0715787410736084,
        "report_export_lending_pool": 0.004161834716796875,
        "report_export_transfer": 1.3165502548217773,
        "report_export_deposit": 0.011075258255004883,
        "report_export_withdraw": 0.005141735076904297,
        "report_export_borrow": 0.005881309509277344,