{
    "report_export_token": 6.110922336578369,
    "report_get_wallets": 858.2050395011902,
    "report_export_wallet": 148.34877181053162,
    "report_export_lending_pool": 11.02051830291748,
    "report_export_transfer": 149.83909106254578,
    "report_export_deposit": 9.499025106430054,
    "report_export_withdraw": 7.2605061531066895,
    "report_export_borrow": 6.604635000228882,
    "report_export_repay": 6.120038986206055,
    "report_export_liquidate": 3.897883892059326,
    "report_aggregate_data": 1436.8405821323395
}