{
    "10000000_10000999": {
        "report_export_token": 0.0028383731842041016,
        "report_get_wallets": 1.6100304126739502,
        "report_export_wallet": 1.2509188652038574,
        "report_export_lending_pool": 0.004429817199707031,
        "report_export_transfer": 1.4511845111846924,
        "report_export_deposit": 0.0064275264739990234,
        "report_export_withdraw": 0.0043828487396240234,
        "report_export_borrow": 0.0043544769287109375,
        "report_export_repay": 0.004479408264160156,
        "report_export_liquidate": 0.001966238021850586,
        "report_aggregate_data": 6.015812873840332
    },
    "10001000_10001999": {
        "report_export_token": 0.002736330032348633,
        "report_get_wallets": 1.3627874851226807,
        "report_export_wallet": 1.1481621265411377,
        "report_export_lending_pool": 0.003856658935546875,
        "report_export_transfer": 1.4357883930206299,
        "report_export_deposit": 0.006527423858642578,
        "report_export_withdraw": 0.004373311996459961,
        "report_export_borrow": 0.004172086715698242,
        "report_export_repay": 0.004462718963623047,
        "report_export_liquidate": 0.002057313919067383,
        "report_aggregate_data": 5.297943115234375
    },
    "10002000_10002999": {
        "report_export_token": 0.003005504608154297,
        "report_get_wallets": 1.2785732746124268,
        "report_export_wallet": 1.0621473789215088,
        "report_export_lending_pool": 0.017355680465698242,
        "report_export_transfer": 1.2831661701202393,
        "report_export_deposit": 0.00729823112487793,
        "report_export_withdraw": 0.006524085998535156,
        "report_export_borrow": 0.005208253860473633,
        "report_export_repay": 0.003406524658203125,
        "report_export_liquidate": 0.0020017623901367188,
        "report_aggregate_data": 5.044933319091797
    },
    "10003000_10003999": {
        "report_export_token": 0.0028104782104492188,
        "report_get_wallets": 1.2786812782287598,
        "report_export_wallet": 1.0642063617706299,
        "report_export_lending_pool": 0.038477420806884766,
        "report_export_transfer": 1.2408668994903564,
        "report_export_deposit": 0.008264303207397461,
        "report_export_withdraw": 0.004331111907958984,
        "report_export_borrow": 0.0055811405181884766,
        "report_export_repay": 0.004403829574584961,
        "report_export_liquidate": 0.002093791961669922,
        "report_aggregate_data": 5.014259338378906
    },
    "10004000_10004999": {
        "report_export_token": 0.0029478073120117188,
        "report_get_wallets": 1.3325324058532715,
        "report_export_wallet": 1.0068652629852295,
        "report_export_lending_pool": 0.004605531692504883,
        "report_export_transfer": 1.435302734375,
        "report_export_deposit": 0.007476806640625,
        "report_export_withdraw": 0.0038564205169677734,
        "report_export_borrow": 0.005218505859375,
        "report_export_repay": 0.004224061965942383,
        "report_export_liquidate": 0.0017960071563720703,
        "report_aggregate_data": 5.077401161193848
    },
    "10005000_10005999": {
        "report_export_token": 0.0029773712158203125,
        "report_get_wallets": 1.285600185394287,
        "report_export_wallet": 0.9357728958129883,
        "report_export_lending_pool": 0.004541873931884766,
        "report_export_transfer": 1.1781668663024902,
        "report_export_deposit": 0.006483554840087891,
        "report_export_withdraw": 0.0036144256591796875,
        "report_export_borrow": 0.004633426666259766,
        "report_export_repay": 0.004266023635864258,
        "report_export_liquidate": 0.001966714859008789,
        "report_aggregate_data": 4.595455884933472
    },
    "10006000_10006999": {
        "report_export_token": 0.002836465835571289,
        "report_get_wallets": 1.282149314880371,
        "report_export_wallet": 1.0541541576385498,
        "report_export_lending_pool": 0.017570972442626953,
        "report_export_transfer": 1.2862153053283691,
        "report_export_deposit": 0.011983394622802734,
        "report_export_withdraw": 0.00468754768371582,
        "report_export_borrow": 0.006218433380126953,
        "report_export_repay": 0.004636287689208984,
        "report_export_liquidate": 0.0020906925201416016,
        "report_aggregate_data": 5.127394676208496
    },
    "10007000_10007999": {
        "report_export_token": 0.002711057662963867,
        "report_get_wallets": 1.301976203918457,
        "report_export_wallet": 0.9269707202911377,
        "report_export_lending_pool": 0.03674602508544922,
        "report_export_transfer": 1.133995532989502,
        "report_export_deposit": 0.015093564987182617,
        "report_export_withdraw": 0.0053021907806396484,
        "report_export_borrow": 0.005873203277587891,
        "report_export_repay": 0.0051538944244384766,
        "report_export_liquidate": 0.002302885055541992,
        "report_aggregate_data": 4.629743337631226
    },
    "10008000_10008999": {
        "report_export_token": 0.0028662681579589844,
        "report_get_wallets": 1.2909259796142578,
        "report_export_wallet": 0.8977870941162109,
        "report_export_lending_pool": 0.005247592926025391,
        "report_export_transfer": 1.1198747158050537,
        "report_export_deposit": 0.008392810821533203,
        "report_export_withdraw": 0.00457453727722168,
        "report_export_borrow": 0.006363630294799805,
        "report_export_repay": 0.004825592041015625,
        "report_export_liquidate": 0.0025298595428466797,
        "report_aggregate_data": 4.5138421058654785
    },
    "10009000_10009999": {
        "report_export_token": 0.002833127975463867,
        "report_get_wallets": 1.379951000213623,
        "report_export_wallet": 1.0245106220245361,
        "report_export_lending_pool": 0.007597923278808594,
        "report_export_transfer": 1.2343387603759766,
        "report_export_deposit": 0.00909113883972168,
        "report_export_withdraw": 0.004530429840087891,
        "report_export_borrow": 0.0075168609619140625,
        "report_export_repay": 0.004888057708740234,
        "report_export_liquidate": 0.0019431114196777344,
        "report_aggregate_data": 4.987009525299072
    },
    "10010000_10010999": {
        "report_export_token": 0.002850770950317383,
        "report_get_wallets": 1.4045822620391846,
        "report_export_wallet": 1.004976749420166,
        "report_export_lending_pool": 0.017124414443969727,
        "report_export_transfer": 1.233757495880127,
        "report_export_deposit": 0.007845878601074219,
        "report_export_withdraw": 0.005077838897705078,
        "report_export_borrow": 0.005151510238647461,
        "report_export_repay": 0.005235910415649414,
        "report_export_liquidate": 0.002046346664428711,
        "report_aggregate_data": 4.973250389099121
    },
    "10011000_10011999": {
        "report_export_token": 0.0028629302978515625,
        "report_get_wallets": 1.3630602359771729,
        "report_export_wallet": 1.0901689529418945,
        "report_export_lending_pool": 0.037017107009887695,
        "report_export_transfer": 1.2288429737091064,
        "report_export_deposit": 0.0076215267181396484,
        "report_export_withdraw": 0.003824949264526367,
        "report_export_borrow": 0.005352020263671875,
        "report_export_repay": 0.004563331604003906,
        "report_export_liquidate": 0.0019297599792480469,
        "report_aggregate_data": 5.331451177597046
    },
    "10012000_10012999": {
        "report_export_token": 0.002820253372192383,
        "report_get_wallets": 1.2507507801055908,
        "report_export_wallet": 0.9175159931182861,
        "report_export_lending_pool": 0.004503726959228516,
        "report_export_transfer": 1.2283103466033936,
        "report_export_deposit": 0.007842063903808594,
        "report_export_withdraw": 0.004721879959106445,